test_name,final_flow_ml,total_time_raw_s,total_time_raw_min,total_volume_raw_ml,total_mass_raw_g,avg_flow_raw,max_flow_raw,avg_temp_raw,total_time_stable_s,total_time_stable_min,total_volume_stable_ml,total_mass_stable_g,avg_flow_stable,max_flow_stable,min_flow_stable,std_flow_stable,rstd_flow_stable,cov_flow_stable,avg_temp_stable,min_temp_stable,max_temp_stable,measured_mass_g,mass_error_pct
cartridge_flow_test_cal_RodePeters_20250429_112158,19.3018,2335.837,38.9306,19.3027,18.8588,0.4962,0.551,22.2603,2255.413,37.5902,18.7122,18.2818,0.4978,0.54,0.47,0.005,1.0134,0.0101,22.2525,21.78,22.67,20.36,7.960209557341935
cartridge_flow_test_5_RodePeters_20250429_152344,15.2667,1841.395,30.6899,15.2667,14.9156,0.4978,0.603,23.9297,,,,,,,,,,,,,,15.1,1.2362895223792547
cartridge_flow_test_4_RodePeters_20250429_144302,18.339,2220.019,37.0003,18.3394,17.9176,0.4961,1.185,23.704,2137.613,35.6269,17.744,17.3359,0.498,1.185,0.351,0.0097,1.9479,0.0195,23.7003,23.28,24.0,17.87,-0.2656605795418984
cartridge_flow_test_3_RodePeters_20250429_140705,14.9234,1813.734,30.2289,14.9237,14.5805,0.4955,0.568,23.5052,1771.412,29.5235,14.7373,14.3984,0.4992,0.568,0.177,0.0063,1.2716,0.0127,23.4709,23.07,24.03,14.64,0.4080792839751715
cartridge_flow_test_2_RodePeters_20250429_124334,19.2553,2340.05,39.0008,19.2553,18.8125,0.4954,0.546,22.762,2282.177,38.0363,18.9569,18.5209,0.4984,0.546,0.471,0.0045,0.9007,0.009,22.7387,22.33,23.24,18.78,-0.17275747508305042
cartridge_flow_test_1_RodePeters_20250429_120753,15.4018,1862.795,31.0466,15.4019,15.0477,0.4967,0.542,22.8037,1826.955,30.4492,15.191,14.8416,0.4989,0.542,0.455,0.0049,0.981,0.0098,22.7877,22.43,23.08,14.88,-1.1144560298251556
